{
    "objects": [
        {
            "prefabName": "BuildingCube",
            "position": {
                "x": 1.14752197265625,
                "y": -0.29095458984375,
                "z": 0.0
            },
            "rotation": {
                "x": 0.0,
                "y": 0.0,
                "z": 0.0
            }
        },
        {
            "prefabName": "Plane",
            "position": {
                "x": 0.31658935546875,
                "y": -1.282470703125,
                "z": -5.605396270751953
            },
            "rotation": {
                "x": 0.0,
                "y": 0.0,
                "z": 0.0
            }
        },
        {
            "prefabName": "Diamond",
            "position": {
                "x": 1.23291015625,
                "y": 1.754608154296875,
                "z": -0.8661956787109375
            },
            "rotation": {
                "x": 0.0,
                "y": 0.0,
                "z": 160.38148498535157
            }
        },
        {
            "prefabName": "Enemy",
            "position": {
                "x": 2.36102294921875,
                "y": -0.71295166015625,
                "z": -3.3253097534179689
            },
            "rotation": {
                "x": -0.0001441147760488093,
                "y": 6.475147247314453,
                "z": 0.00015527014329563826
            }
        }
    ]
}