{
    "objects": [
        {
            "prefabName": "Plane",
            "position": {
                "x": -4.2716064453125,
                "y": -4.276214599609375,
                "z": -1.7041816711425782
            },
            "rotation": {
                "x": 0.0,
                "y": 0.0,
                "z": 0.0
            }
        },
        {
            "prefabName": "PlayerSpawner",
            "position": {
                "x": 9.344482421875,
                "y": -3.34716796875,
                "z": -1.1741275787353516
            },
            "rotation": {
                "x": 0.0,
                "y": 0.0,
                "z": 0.0
            }
        }
    ]
}